Time,P1,P2,P3,P4,P5
Thu Oct  6 13:01:29 2016,0.000000,0.000000,0.000000,0.000000,0.000000
