"2017-Mar-09,10:17:06",degrees C,degrees C,raw signal,Volts,gal/min,L/min,raw signal,Volts,gal/min,L/min,raw signal,Volts,gal/min,L/min,raw signal,Volts,psi,bar,raw signal,Volts,psi,bar,raw signal,Volts,psi,bar,L/m2/hr,bar,%,L/min
Time(s),T1,T2,F1,F1,F1,F1,F2,F2,F2,F2,F3,F3,F3,F3,P1,P1,P1,P1,P2,P2,P2,P2,P3,P3,P3,P3,Jp,TMP,Recovery,Total Flow Rate
3.781290054321289,20.812,20.562,0.19111111760139465,0.3440000116825104,-0.02644797566533086,-0.10011643156330009,0.189444437623024,0.3409999877214432,-0.032697025576233774,-0.1237716475865311,0.18833333253860474,0.33899999856948854,-0.24705301984548633,-0.9351969718533024,0.18444444239139557,0.33199999630451205,1.4240517340689927,0.09818494933989527,0.1988888829946518,0.35799998939037325,0.7279132522016809,0.05018787174750061,0.18833333253860474,0.33899999856948854,3.7130138972520825,0.25600339698217767,-368.7719866339336,1.8406195634588567,44.71717830778289,-0.05914500124156463
10.985789060592651,20.812,20.562,0.19055555760860443,0.343000003695488,-0.028530992302298386,-0.10800150357104334,0.19055555760860443,0.343000003695488,-0.028530992302298386,-0.10800150357104334,0.19111111760139465,0.3440000116825104,-0.17768783792853426,-0.672621318573053,0.18333333730697632,0.3300000071525574,1.280130514705185,0.0882619266756872,0.20277777314186096,0.36499999165534974,1.221294411844017,0.08420531859005655,0.18722222745418549,0.3370000094175339,3.5693626764237862,0.24609899006899663,-397.816106801247,1.2034521837204686,50.0,-0.05706198460459677
18.19669508934021,20.812,20.562,0.19166666269302368,0.34499999284744265,-0.02436501489877685,-0.09223157104797887,0.1922222226858139,0.346000000834465,-0.02228199826180932,-0.08434649904023563,0.1899999976158142,0.34199999570846557,-0.20543405953645788,-0.7776521433099031,0.18333333730697632,0.3300000071525574,1.280130514705185,0.0882619266756872,0.20222222805023193,0.36400001049041747,1.1508127393960983,0.07934577643078643,0.17888888716697693,0.32199999690055847,2.4919717773795114,0.17181547331805158,-339.72864548440384,0.7352384066462498,52.232743851998165,-0.04664701316058617
