"2018-Jan-24,10:41:13",degrees C,degrees C,raw signal,Volts,gal/min,L/min,raw signal,Volts,gal/min,L/min,raw signal,Volts,gal/min,L/min,raw signal,Volts,psi,bar,raw signal,Volts,psi,bar,raw signal,Volts,psi,bar,L/m2/hr,bar,%,L/min
Time(s),T1,T2,F1,F1,F1,F1,F2,F2,F2,F2,F3,F3,F3,F3,P1,P1,P1,P1,P2,P2,P2,P2,P3,P3,P3,P3,Jp,TMP,Recovery,Total Flow Rate
3.976006031036377,85.0,20.812,0.18833333253860474,0.33899999856948854,-0.03686300297975531,-0.13954158010959555,0.189444437623024,0.3409999877214432,-0.032697025576233774,-0.1237716475865311,0.19055555760860443,0.343000003695488,-0.19156094873249518,-0.7251367309414746,0.19277778267860413,0.34700000882148746,2.5034676348030587,0.17260808509734737,0.20722222328186035,0.37300000190734867,1.7851591344356592,0.12308243793741605,0.18833333253860474,0.33899999856948854,3.7130138972520825,0.25600339698217767,-513.9918084527216,1.3230816315919114,52.99451961852512,-0.06956002855598908
