"2017-May-12,22:53:14",degrees C,degrees C,raw signal,Volts,gal/min,L/min,raw signal,Volts,gal/min,L/min,raw signal,Volts,gal/min,L/min,raw signal,Volts,psi,bar,raw signal,Volts,psi,bar,raw signal,Volts,psi,bar,L/m2/hr,bar,%,L/min
Time(s),T1,T2,F1,F1,F1,F1,F2,F2,F2,F2,F3,F3,F3,F3,P1,P1,P1,P1,P2,P2,P2,P2,P3,P3,P3,P3,Jp,TMP,Recovery,Total Flow Rate
3.976186990737915,20.812,20.625,0.1899999976158142,0.34199999570846557,-0.030614008939266135,-0.11588657557878743,0.1944444477558136,0.3500000059604645,-0.013949987584352397,-0.05280642250168341,0.19055555760860443,0.343000003695488,-0.19156094873249518,-0.7251367309414746,0.19055555760860443,0.343000003695488,2.2156232659310113,0.152761906690105,0.20888888835906982,0.3759999990463257,1.996607932782176,0.13766132510629236,0.1944444477558136,0.3500000059604645,4.503100428116319,0.31047796707759273,-426.86022696856344,1.3627539142414893,68.69673127956774,-0.04456399652361853
