"2017-May-04,13:29:27",degrees C,degrees C,raw signal,Volts,gal/min,L/min,raw signal,Volts,gal/min,L/min,raw signal,Volts,gal/min,L/min,raw signal,Volts,psi,bar,raw signal,Volts,psi,bar,raw signal,Volts,psi,bar,L/m2/hr,bar,%,L/min
Time(s),T1,T2,F1,F1,F1,F1,F2,F2,F2,F2,F3,F3,F3,F3,P1,P1,P1,P1,P2,P2,P2,P2,P3,P3,P3,P3,Jp,TMP,Recovery,Total Flow Rate
3.7745940685272217,21.437,21.937,0.19111111760139465,0.3440000116825104,-0.02644797566533086,-0.10011643156330009,0.3638888895511627,0.6550000011920929,0.6213650024831295,2.3521212940496636,0.19166666269302368,0.34499999284744265,-0.16381509922742854,-0.6201073147665003,0.189444437623024,0.3409999877214432,2.0717001164227753,0.14283875094707094,0.2038888931274414,0.36700000762939455,1.3622615377426186,0.09392466359966296,0.19722221791744232,0.35499999225139617,4.862229443448779,0.33523905077512905,-368.7719866339336,2.1047032421931586,-4.445657877166609,0.5949170268177987
