"2018-Jul-25,07:58:20",degrees C,degrees C,raw signal,Volts,gal/min,L/min,raw signal,Volts,gal/min,L/min,raw signal,Volts,gal/min,L/min,raw signal,Volts,psi,bar,raw signal,Volts,psi,bar,raw signal,Volts,psi,bar,L/m2/hr,bar,%,L/min
Time(s),T1,T2,F1,F1,F1,F1,F2,F2,F2,F2,F3,F3,F3,F3,P1,P1,P1,P1,P2,P2,P2,P2,P3,P3,P3,P3,Jp,TMP,Recovery,Total Flow Rate
3.976306200027466,20.875,20.812,0.1899999976158142,0.34199999570846557,-0.030614008939266135,-0.11588657557878743,0.1899999976158142,0.34199999570846557,-0.030614008939266135,-0.11588657557878743,0.19055555760860443,0.343000003695488,-0.19156094873249518,-0.7251367309414746,0.189444437623024,0.3409999877214432,2.0717001164227753,0.14283875094707094,0.2011111080646515,0.3619999945163727,1.0098456134975002,0.06962643142118025,0.189444437623024,0.3409999877214432,3.8566651180803753,0.26590780389535845,-426.86022696856344,1.954337003754075,50.0,-0.06122801787853227
11.19051718711853,20.875,20.812,0.19111111760139465,0.3440000116825104,-0.02644797566533086,-0.10011643156330009,0.19166666269302368,0.34499999284744265,-0.02436501489877685,-0.09223157104797887,0.18888889253139496,0.3400000065565109,-0.23317990904152452,-0.8826815594848774,0.19166666269302368,0.34499999284744265,2.3595444852948226,0.1626849293543133,0.2038888931274414,0.36700000762939455,1.3622615377426186,0.09392466359966296,0.18777777254581451,0.33799999058246616,3.6411873235762116,0.2510511271110032,-368.7719866339336,1.6381043666928985,52.04963410284429,-0.05081299056410771
