"2017-Mar-23,09:05:02",degrees C,degrees C,raw signal,Volts,gal/min,L/min,raw signal,Volts,gal/min,L/min,raw signal,Volts,gal/min,L/min,raw signal,Volts,psi,bar,raw signal,Volts,psi,bar,raw signal,Volts,psi,bar,L/m2/hr,bar,%,L/min
Time(s),T1,T2,F1,F1,F1,F1,F2,F2,F2,F2,F3,F3,F3,F3,P1,P1,P1,P1,P2,P2,P2,P2,P3,P3,P3,P3,Jp,TMP,Recovery,Total Flow Rate
3.7628839015960693,21.062,20.812,0.19111111760139465,0.3440000116825104,-0.02644797566533086,-0.10011643156330009,0.19111111760139465,0.3440000116825104,-0.02644797566533086,-0.10011643156330009,0.19055555760860443,0.343000003695488,-0.19156094873249518,-0.7251367309414746,0.19722221791744232,0.35499999225139617,3.0791544424027215,0.21230030883300588,0.20055556297302246,0.36100001335144044,0.939363941049578,0.06476688926190988,0.18666666746139526,0.3360000014305115,3.497536102747919,0.2411467201978224,-368.7719866339336,2.348981331525742,50.0,-0.05289595133066172
