"2017-Apr-19,06:10:35",degrees C,degrees C,raw signal,Volts,gal/min,L/min,raw signal,Volts,gal/min,L/min,raw signal,Volts,gal/min,L/min,raw signal,Volts,psi,bar,raw signal,Volts,psi,bar,raw signal,Volts,psi,bar,L/m2/hr,bar,%,L/min
Time(s),T1,T2,F1,F1,F1,F1,F2,F2,F2,F2,F3,F3,F3,F3,P1,P1,P1,P1,P2,P2,P2,P2,P3,P3,P3,P3,Jp,TMP,Recovery,Total Flow Rate
3.9890048503875732,21.125,21.0,0.19277778267860413,0.34700000882148746,-0.020198981624841572,-0.07646142703249154,0.19166666269302368,0.34499999284744265,-0.02436501489877685,-0.09223157104797887,0.18888889253139496,0.3400000065565109,-0.23317990904152452,-0.8826815594848774,0.1899999976158142,0.34199999570846557,2.1436616911768915,0.14780032881858784,0.20333333313465118,0.3659999996423721,1.291777974793316,0.08906499109485963,0.19055555760860443,0.343000003695488,4.000318265432121,0.2758123436377077,-281.640405149774,1.7802120035111901,45.32578583731003,-0.04456399652361842
