"2017-May-04,12:05:23",degrees C,degrees C,raw signal,Volts,gal/min,L/min,raw signal,Volts,gal/min,L/min,raw signal,Volts,gal/min,L/min,raw signal,Volts,psi,bar,raw signal,Volts,psi,bar,raw signal,Volts,psi,bar,L/m2/hr,bar,%,L/min
Time(s),T1,T2,F1,F1,F1,F1,F2,F2,F2,F2,F3,F3,F3,F3,P1,P1,P1,P1,P2,P2,P2,P2,P3,P3,P3,P3,Jp,TMP,Recovery,Total Flow Rate
3.778218984603882,21.375,21.187,0.19055555760860443,0.343000003695488,-0.028530992302298386,-0.10800150357104334,0.1899999976158142,0.34199999570846557,-0.030614008939266135,-0.11588657557878743,0.1899999976158142,0.34199999570846557,-0.20543405953645788,-0.7776521433099031,0.18777777254581451,0.33799999058246616,1.8558173223048477,0.12795415041134572,0.20666666328907013,0.37199999392032623,1.7146755714863566,0.11822276543261272,0.19277778267860413,0.34700000882148746,4.2876226336121555,0.2956212902932374,-397.816106801247,1.357044406472145,48.23905943592754,-0.05914500124156452
