"2017-Apr-17,05:39:21",degrees C,degrees C,raw signal,Volts,gal/min,L/min,raw signal,Volts,gal/min,L/min,raw signal,Volts,gal/min,L/min,raw signal,Volts,psi,bar,raw signal,Volts,psi,bar,raw signal,Volts,psi,bar,L/m2/hr,bar,%,L/min
Time(s),T1,T2,F1,F1,F1,F1,F2,F2,F2,F2,F3,F3,F3,F3,P1,P1,P1,P1,P2,P2,P2,P2,P3,P3,P3,P3,Jp,TMP,Recovery,Total Flow Rate
3.973737955093384,21.187,21.062,0.19277778267860413,0.34700000882148746,-0.020198981624841572,-0.07646142703249154,0.19499999284744263,0.35099998712539676,-0.011867026817798498,-0.044921561986362615,0.19166666269302368,0.34499999284744265,-0.16381509922742854,-0.6201073147665003,0.18333333730697632,0.3300000071525574,1.280130514705185,0.0882619266756872,0.20333333313465118,0.3659999996423721,1.291777974793316,0.08906499109485963,0.18722222745418549,0.3370000094175339,3.5693626764237862,0.24609899006899663,-281.640405149774,1.1329686207711696,62.991880205400896,-0.03206600844264007
