"2017-Jun-09,14:01:04",degrees C,degrees C,raw signal,Volts,gal/min,L/min,raw signal,Volts,gal/min,L/min,raw signal,Volts,gal/min,L/min,raw signal,Volts,psi,bar,raw signal,Volts,psi,bar,raw signal,Volts,psi,bar,L/m2/hr,bar,%,L/min
Time(s),T1,T2,F1,F1,F1,F1,F2,F2,F2,F2,F3,F3,F3,F3,P1,P1,P1,P1,P2,P2,P2,P2,P3,P3,P3,P3,Jp,TMP,Recovery,Total Flow Rate
3.982342004776001,20.937,20.75,0.0016666667070239782,0.003000000072643161,-0.7367509998486843,-2.788904602337208,0.004999999888241291,0.008999999798834325,-0.7242530004190281,-2.741594550316193,0.0005555555690079927,0.001000000024214387,-4.936126999664074,-18.685264505798383,0.002222222276031971,0.004000000096857548,-22.179155993030033,-1.5291995757450374,0.009444444440305233,0.01699999999254942,-23.30678900052514,-1.606947165292607,0.0,0.0,-20.636,-1.4228026736,-10272.738197686835,1.899211004010123,50.427719548590076,-1.4610040002677125
