"2017-May-08,21:04:31",degrees C,degrees C,raw signal,Volts,gal/min,L/min,raw signal,Volts,gal/min,L/min,raw signal,Volts,gal/min,L/min,raw signal,Volts,psi,bar,raw signal,Volts,psi,bar,raw signal,Volts,psi,bar,L/m2/hr,bar,%,L/min
Time(s),T1,T2,F1,F1,F1,F1,F2,F2,F2,F2,F3,F3,F3,F3,P1,P1,P1,P1,P2,P2,P2,P2,P3,P3,P3,P3,Jp,TMP,Recovery,Total Flow Rate
3.764565944671631,21.375,20.437,0.19111111760139465,0.3440000116825104,-0.02644797566533086,-0.10011643156330009,0.19277778267860413,0.34700000882148746,-0.020198981624841572,-0.07646142703249154,0.19055555760860443,0.343000003695488,-0.19156094873249518,-0.7251367309414746,0.2011111080646515,0.3619999945163727,3.5828816053926964,0.24703108777597346,0.21166667342185974,0.38100001215934753,2.3490238570272943,0.16195955728477507,0.2016666680574417,0.3630000025033951,5.436838179808856,0.374856944086189,-368.7719866339336,2.1608360355734817,56.69817969221095,-0.04664695729017243
