"2017-Jun-30,14:30:40",degrees C,degrees C,raw signal,Volts,gal/min,L/min,raw signal,Volts,gal/min,L/min,raw signal,Volts,gal/min,L/min,raw signal,Volts,psi,bar,raw signal,Volts,psi,bar,raw signal,Volts,psi,bar,L/m2/hr,bar,%,L/min
Time(s),T1,T2,F1,F1,F1,F1,F2,F2,F2,F2,F3,F3,F3,F3,P1,P1,P1,P1,P2,P2,P2,P2,P3,P3,P3,P3,Jp,TMP,Recovery,Total Flow Rate
3.974925994873047,20.125,19.75,0.19555555284023285,0.35199999511241914,-0.00978401018083086,-0.03703648997861895,0.2038888931274414,0.36700000762939455,0.02146101589202898,0.08123874416784542,0.19111111760139465,0.3440000116825104,-0.17768783792853426,-0.672621318573053,0.19555555284023285,0.35199999511241914,2.863271648284794,0.19741570829728067,0.2133333384990692,0.3840000092983246,2.560472655373818,0.17653844445365185,0.19333332777023315,0.3479999899864197,4.359447280764577,0.3005734273352438,-136.42136234877285,1.0508868091508674,-83.78869054973659,0.011677005711198118
