"2017-Apr-25,10:32:21",degrees C,degrees C,raw signal,Volts,gal/min,L/min,raw signal,Volts,gal/min,L/min,raw signal,Volts,gal/min,L/min,raw signal,Volts,psi,bar,raw signal,Volts,psi,bar,raw signal,Volts,psi,bar,L/m2/hr,bar,%,L/min
Time(s),T1,T2,F1,F1,F1,F1,F2,F2,F2,F2,F3,F3,F3,F3,P1,P1,P1,P1,P2,P2,P2,P2,P3,P3,P3,P3,Jp,TMP,Recovery,Total Flow Rate
3.7683839797973633,20.937,20.875,0.19333332777023315,0.3479999899864197,-0.018116020858287785,-0.06857656651717117,0.189444437623024,0.3409999877214432,-0.032697025576233774,-0.1237716475865311,0.18777777254581451,0.33799999058246616,-0.26092613064944725,-0.9877123842217241,0.185555562376976,0.33400001227855686,1.5679748835772322,0.10810810508292958,0.20333333313465118,0.3659999996423721,1.291777974793316,0.08906499109485963,0.1899999976158142,0.34199999570846557,3.9284916917562462,0.2708600737665329,-252.59706400024743,1.4564553128734232,35.65230217328606,-0.05081304643452156
