"2017-May-17,02:59:06",degrees C,degrees C,raw signal,Volts,gal/min,L/min,raw signal,Volts,gal/min,L/min,raw signal,Volts,gal/min,L/min,raw signal,Volts,psi,bar,raw signal,Volts,psi,bar,raw signal,Volts,psi,bar,L/m2/hr,bar,%,L/min
Time(s),T1,T2,F1,F1,F1,F1,F2,F2,F2,F2,F3,F3,F3,F3,P1,P1,P1,P1,P2,P2,P2,P2,P3,P3,P3,P3,Jp,TMP,Recovery,Total Flow Rate
3.7634501457214355,21.75,21.5,0.19277778267860413,0.34700000882148746,-0.020198981624841572,-0.07646142703249154,0.1922222226858139,0.346000000834465,-0.02228199826180932,-0.08434649904023563,0.18833333253860474,0.33899999856948854,-0.24705301984548633,-0.9351969718533024,0.1850000023841858,0.3330000042915344,1.496013308823109,0.10314652721141218,0.20333333313465118,0.3659999996423721,1.291777974793316,0.08906499109485963,0.189444437623024,0.3409999877214432,3.8566651180803753,0.26590780389535845,-281.640405149774,1.384561238658426,47.54829497515627,-0.042480979886650894
