"2018-Jan-24,13:21:32",degrees C,degrees C,raw signal,Volts,gal/min,L/min,raw signal,Volts,gal/min,L/min,raw signal,Volts,gal/min,L/min,raw signal,Volts,psi,bar,raw signal,Volts,psi,bar,raw signal,Volts,psi,bar,L/m2/hr,bar,%,L/min
Time(s),T1,T2,F1,F1,F1,F1,F2,F2,F2,F2,F3,F3,F3,F3,P1,P1,P1,P1,P2,P2,P2,P2,P3,P3,P3,P3,Jp,TMP,Recovery,Total Flow Rate
3.765856981277466,21.312,21.0,0.18833333253860474,0.33899999856948854,-0.03686300297975531,-0.13954158010959555,0.19055555760860443,0.343000003695488,-0.028530992302298386,-0.10800150357104334,0.1850000023841858,0.3330000042915344,-0.33029094046354324,-1.2502866289401013,0.18666666746139526,0.3360000014305115,1.71189610294104,0.11803112774713764,0.2011111080646515,0.3619999945163727,1.0098456134975002,0.06962643142118025,0.1899999976158142,0.34199999570846557,3.9284916917562462,0.2708600737665329,-513.9918084527216,1.8103482838511429,56.37062366469564,-0.0653939952820537
