"2017-Apr-25,08:20:16",degrees C,degrees C,raw signal,Volts,gal/min,L/min,raw signal,Volts,gal/min,L/min,raw signal,Volts,gal/min,L/min,raw signal,Volts,psi,bar,raw signal,Volts,psi,bar,raw signal,Volts,psi,bar,L/m2/hr,bar,%,L/min
Time(s),T1,T2,F1,F1,F1,F1,F2,F2,F2,F2,F3,F3,F3,F3,P1,P1,P1,P1,P2,P2,P2,P2,P3,P3,P3,P3,Jp,TMP,Recovery,Total Flow Rate
3.974571943283081,20.812,20.687,0.19555555284023285,0.35199999511241914,-0.00978401018083086,-0.03703648997861895,0.19111111760139465,0.3440000116825104,-0.02644797566533086,-0.10011643156330009,0.189444437623024,0.3409999877214432,-0.2193071703404188,-0.8301675556783248,0.18888889253139496,0.3400000065565109,1.9997404718130838,0.13787730615437976,0.20666666328907013,0.37199999392032623,1.7146755714863566,0.11822276543261272,0.185555562376976,0.33400001227855686,3.3538848819196225,0.23124231328464137,-136.42136234877285,0.9621371053799965,27.003792235879725,-0.03623198584616172
