"2017-Apr-19,07:24:42",degrees C,degrees C,raw signal,Volts,gal/min,L/min,raw signal,Volts,gal/min,L/min,raw signal,Volts,gal/min,L/min,raw signal,Volts,psi,bar,raw signal,Volts,psi,bar,raw signal,Volts,psi,bar,L/m2/hr,bar,%,L/min
Time(s),T1,T2,F1,F1,F1,F1,F2,F2,F2,F2,F3,F3,F3,F3,P1,P1,P1,P1,P2,P2,P2,P2,P3,P3,P3,P3,Jp,TMP,Recovery,Total Flow Rate
3.7656710147857666,21.625,21.437,0.189444437623024,0.3409999877214432,-0.032697025576233774,-0.1237716475865311,0.19333332777023315,0.3479999899864197,-0.018116020858287785,-0.06857656651717117,0.189444437623024,0.3409999877214432,-0.2193071703404188,-0.8301675556783248,0.18611110746860504,0.3349999934434891,1.6399345281869167,0.11306954987562025,0.20000000298023224,0.36000000536441806,0.8688803781002825,0.059907216757107036,0.189444437623024,0.3409999877214432,3.8566651180803753,0.26590780389535845,-455.9043471358784,1.8794194450333634,64.34769782671394,-0.05081304643452156
