"2017-May-08,19:23:57",degrees C,degrees C,raw signal,Volts,gal/min,L/min,raw signal,Volts,gal/min,L/min,raw signal,Volts,gal/min,L/min,raw signal,Volts,psi,bar,raw signal,Volts,psi,bar,raw signal,Volts,psi,bar,L/m2/hr,bar,%,L/min
Time(s),T1,T2,F1,F1,F1,F1,F2,F2,F2,F2,F3,F3,F3,F3,P1,P1,P1,P1,P2,P2,P2,P2,P3,P3,P3,P3,Jp,TMP,Recovery,Total Flow Rate
3.9746129512786865,20.812,20.625,0.19055555760860443,0.343000003695488,-0.028530992302298386,-0.10800150357104334,0.18888889253139496,0.3400000065565109,-0.03477998634278767,-0.1316565081018519,0.189444437623024,0.3409999877214432,-0.2193071703404188,-0.8301675556783248,0.1899999976158142,0.34199999570846557,2.1436616911768915,0.14780032881858784,0.2038888931274414,0.36700000762939455,1.3622615377426186,0.09392466359966296,0.19722221791744232,0.35499999225139617,4.862229443448779,0.33523905077512905,-397.816106801247,2.1406840295702168,45.06484169552929,-0.06331097864508606
