"2017-May-17,01:10:06",degrees C,degrees C,raw signal,Volts,gal/min,L/min,raw signal,Volts,gal/min,L/min,raw signal,Volts,gal/min,L/min,raw signal,Volts,psi,bar,raw signal,Volts,psi,bar,raw signal,Volts,psi,bar,L/m2/hr,bar,%,L/min
Time(s),T1,T2,F1,F1,F1,F1,F2,F2,F2,F2,F3,F3,F3,F3,P1,P1,P1,P1,P2,P2,P2,P2,P3,P3,P3,P3,Jp,TMP,Recovery,Total Flow Rate
3.9749839305877686,20.375,20.187,0.19111111760139465,0.3440000116825104,-0.02644797566533086,-0.10011643156330009,0.19055555760860443,0.343000003695488,-0.028530992302298386,-0.10800150357104334,0.1899999976158142,0.34199999570846557,-0.20543405953645788,-0.7776521433099031,0.189444437623024,0.3409999877214432,2.0717001164227753,0.14283875094707094,0.20777778327465057,0.37400000989437104,1.8556426973849582,0.12794211044221915,0.18833333253860474,0.33899999856948854,3.7130138972520825,0.25600339698217767,-368.7719866339336,1.0367143094524707,48.105624101389125,-0.054978967967629244
