"2017-Apr-17,11:56:37",degrees C,degrees C,raw signal,Volts,gal/min,L/min,raw signal,Volts,gal/min,L/min,raw signal,Volts,gal/min,L/min,raw signal,Volts,psi,bar,raw signal,Volts,psi,bar,raw signal,Volts,psi,bar,L/m2/hr,bar,%,L/min
Time(s),T1,T2,F1,F1,F1,F1,F2,F2,F2,F2,F3,F3,F3,F3,P1,P1,P1,P1,P2,P2,P2,P2,P3,P3,P3,P3,Jp,TMP,Recovery,Total Flow Rate
3.7664220333099365,21.062,21.0,0.189444437623024,0.3409999877214432,-0.032697025576233774,-0.1237716475865311,0.19277778267860413,0.34700000882148746,-0.020198981624841572,-0.07646142703249154,0.19333332777023315,0.3479999899864197,-0.12219613891840009,-0.4625624862231009,0.18833333253860474,0.33899999856948854,1.927778897058964,0.13291572828286263,0.20499999821186066,0.3689999967813492,1.5032267731398399,0.10364387826373642,0.19388888776302338,0.3489999979734421,4.431273854440452,0.3055256972064185,-455.9043471358784,1.676299602609868,61.813787668209976,-0.052896007201075346
